description,pp_lot,edit_distance,predicted_affinity,bli_titer_ug_per_ml,asec_percent_mp,bli_human_tigit,bli_mouse_tigit,dsf_tm,scfv_sequence
parental,PP3115,0,0.608398438,259.1,99.39,3.10E-09,4.73E-09,69.51,QVQLVESGGGVVQPGESLKISCAASGFTFSSYGMHWVRQAPGKGLEWVSAISGSGGTAFYADSVKDRFTISRDNRKNSLYLQMNELRAEDTAVYYCARSTYYYDSSGYDYYFDPWGPGTLVTVSSGGGGSGGGGSGGGGSDIQMTQSPSSLSASVGDRVTITCRASQHIRSSLAWYQQKPGKAPKLLIYGASSRATGIPDRFSGSGSGTDFTLTISSLQPEDFATYYCQHTYITPYTFGQGTKVEIK
candidate_D65G_R74S_S77T_E82BS_D100G_S100AG_D101E,PP3117,7,0.218139648,334.1,98.36,1.97E-09,4.77E-09,69.38,QVQLVESGGGVVQPGESLKISCAASGFTFSSYGMHWVRQAPGKGLEWVSAISGSGGTAFYADSVKGRFTISRDNSKNTLYLQMNSLRAEDTAVYYCARSTYYYGGSGYDYYFEPWGPGTLVTVSSGGGGSGGGGSGGGGSDIQMTQSPSSLSASVGDRVTITCRASQHIRSSLAWYQQKPGKAPKLLIYGASSRATGIPDRFSGSGSGTDFTLTISSLQPEDFATYYCQHTYITPYTFGQGTKVEIK
candidate_D65G_R74S_S77T_E82BS_D100G_S100AA_D101E,PP3119,7,0.229370117,6.3,,,,,QVQLVESGGGVVQPGESLKISCAASGFTFSSYGMHWVRQAPGKGLEWVSAISGSGGTAFYADSVKGRFTISRDNSKNTLYLQMNSLRAEDTAVYYCARSTYYYGASGYDYYFEPWGPGTLVTVSSGGGGSGGGGSGGGGSDIQMTQSPSSLSASVGDRVTITCRASQHIRSSLAWYQQKPGKAPKLLIYGASSRATGIPDRFSGSGSGTDFTLTISSLQPEDFATYYCQHTYITPYTFGQGTKVEIK
candidate_A57T_D65G_R74S_S77T_E82BS_D100G_S100AG_D101E,PP3120,8,0.251708984,152.4,100,3.12E-09,7.65E-09,69.42,QVQLVESGGGVVQPGESLKISCAASGFTFSSYGMHWVRQAPGKGLEWVSAISGSGGTTFYADSVKGRFTISRDNSKNTLYLQMNSLRAEDTAVYYCARSTYYYGGSGYDYYFEPWGPGTLVTVSSGGGGSGGGGSGGGGSDIQMTQSPSSLSASVGDRVTITCRASQHIRSSLAWYQQKPGKAPKLLIYGASSRATGIPDRFSGSGSGTDFTLTISSLQPEDFATYYCQHTYITPYTFGQGTKVEIK
candidate_A57T_D65G_R74S_S77T_E82BS_D100G_S100AA_D101E,PP3121,8,0.265869141,179,100,2.20E-09,7.99E-09,69.41,QVQLVESGGGVVQPGESLKISCAASGFTFSSYGMHWVRQAPGKGLEWVSAISGSGGTTFYADSVKGRFTISRDNSKNTLYLQMNSLRAEDTAVYYCARSTYYYGASGYDYYFEPWGPGTLVTVSSGGGGSGGGGSGGGGSDIQMTQSPSSLSASVGDRVTITCRASQHIRSSLAWYQQKPGKAPKLLIYGASSRATGIPDRFSGSGSGTDFTLTISSLQPEDFATYYCQHTYITPYTFGQGTKVEIK
candidate_T56S_A57T_F58Y_D65G_R74S_S77T_E82BS_S100AA_D101S,PP3124,9,0.343505859,399.4,69.41,2.82E-09,3.81E-08,69.41,QVQLVESGGGVVQPGESLKISCAASGFTFSSYGMHWVRQAPGKGLEWVSAISGSGGSTYYADSVKGRFTISRDNSKNTLYLQMNSLRAEDTAVYYCARSTYYYDASGYDYYFSPWGPGTLVTVSSGGGGSGGGGSGGGGSDIQMTQSPSSLSASVGDRVTITCRASQHIRSSLAWYQQKPGKAPKLLIYGASSRATGIPDRFSGSGSGTDFTLTISSLQPEDFATYYCQHTYITPYTFGQGTKVEIK
candidate_T56S_A57T_F58Y_D65G_R74S_S77T_E82BS_D100G_S100AA_D101E,PP3127,10,0.390136719,184.1,98.63,3.54E-09,4.19E-08,69.63,QVQLVESGGGVVQPGESLKISCAASGFTFSSYGMHWVRQAPGKGLEWVSAISGSGGSTYYADSVKGRFTISRDNSKNTLYLQMNSLRAEDTAVYYCARSTYYYGASGYDYYFEPWGPGTLVTVSSGGGGSGGGGSGGGGSDIQMTQSPSSLSASVGDRVTITCRASQHIRSSLAWYQQKPGKAPKLLIYGASSRATGIPDRFSGSGSGTDFTLTISSLQPEDFATYYCQHTYITPYTFGQGTKVEIK
candidate_T56S_A57T_F58Y_D65G_R74S_S77T_E82BS_D100Q_S100AE_D101S,PP3129,10,0.422119141,300.6,96.49,4.05E-09,1.85E-08,69.48,QVQLVESGGGVVQPGESLKISCAASGFTFSSYGMHWVRQAPGKGLEWVSAISGSGGSTYYADSVKGRFTISRDNSKNTLYLQMNSLRAEDTAVYYCARSTYYYQESGYDYYFSPWGPGTLVTVSSGGGGSGGGGSGGGGSDIQMTQSPSSLSASVGDRVTITCRASQHIRSSLAWYQQKPGKAPKLLIYGASSRATGIPDRFSGSGSGTDFTLTISSLQPEDFATYYCQHTYITPYTFGQGTKVEIK
candidate_T56S_A57T_F58Y_D65G_R74S_S77T_S100AY_D101L_P102G,PP3130,9,0.475097656,299.1,62.73,4.52E-09,3.25E-08,70.22,QVQLVESGGGVVQPGESLKISCAASGFTFSSYGMHWVRQAPGKGLEWVSAISGSGGSTYYADSVKGRFTISRDNSKNTLYLQMNELRAEDTAVYYCARSTYYYDYSGYDYYFLGWGPGTLVTVSSGGGGSGGGGSGGGGSDIQMTQSPSSLSASVGDRVTITCRASQHIRSSLAWYQQKPGKAPKLLIYGASSRATGIPDRFSGSGSGTDFTLTISSLQPEDFATYYCQHTYITPYTFGQGTKVEIK
candidate_G33A_A57T_F58Y_D65G_R74S_S77T_E82BS_D100S_S100AG_D101E,PP3132,10,0.731933594,468.8,100,1.43E-08,1.77E-07,69.3,QVQLVESGGGVVQPGESLKISCAASGFTFSSYAMHWVRQAPGKGLEWVSAISGSGGTTYYADSVKGRFTISRDNSKNTLYLQMNSLRAEDTAVYYCARSTYYYSGSGYDYYFEPWGPGTLVTVSSGGGGSGGGGSGGGGSDIQMTQSPSSLSASVGDRVTITCRASQHIRSSLAWYQQKPGKAPKLLIYGASSRATGIPDRFSGSGSGTDFTLTISSLQPEDFATYYCQHTYITPYTFGQGTKVEIK
candidate_G33A_A57T_F58Y_R74S_S77T_E82BS_D100T_S100AY_D101S_P102G,PP3133,10,0.791015625,345.4,97.85,2.81E-08,,69.59,QVQLVESGGGVVQPGESLKISCAASGFTFSSYAMHWVRQAPGKGLEWVSAISGSGGTTYYADSVKDRFTISRDNSKNTLYLQMNSLRAEDTAVYYCARSTYYYTYSGYDYYFSGWGPGTLVTVSSGGGGSGGGGSGGGGSDIQMTQSPSSLSASVGDRVTITCRASQHIRSSLAWYQQKPGKAPKLLIYGASSRATGIPDRFSGSGSGTDFTLTISSLQPEDFATYYCQHTYITPYTFGQGTKVEIK
candidate_G33A_T56S_A57T_F58Y_D65G_R74S_S77T_D100A_S100AA_D101Q,PP3135,10,0.895996094,365.3,91.32,9.03E-09,7.83E-08,69.37,QVQLVESGGGVVQPGESLKISCAASGFTFSSYAMHWVRQAPGKGLEWVSAISGSGGSTYYADSVKGRFTISRDNSKNTLYLQMNELRAEDTAVYYCARSTYYYAASGYDYYFQPWGPGTLVTVSSGGGGSGGGGSGGGGSDIQMTQSPSSLSASVGDRVTITCRASQHIRSSLAWYQQKPGKAPKLLIYGASSRATGIPDRFSGSGSGTDFTLTISSLQPEDFATYYCQHTYITPYTFGQGTKVEIK
candidate_G33A_H35S_T56S_A57T_F58Y_D65G_R74S_S77T_E82BS_D100H_S100AH_D101S_P102G,PP3136,13,2.74609375,46.2,87.08,3.77E-07,2.96E-08,69.7,QVQLVESGGGVVQPGESLKISCAASGFTFSSYAMSWVRQAPGKGLEWVSAISGSGGSTYYADSVKGRFTISRDNSKNTLYLQMNSLRAEDTAVYYCARSTYYYHHSGYDYYFSGWGPGTLVTVSSGGGGSGGGGSGGGGSDIQMTQSPSSLSASVGDRVTITCRASQHIRSSLAWYQQKPGKAPKLLIYGASSRATGIPDRFSGSGSGTDFTLTISSLQPEDFATYYCQHTYITPYTFGQGTKVEIK
